Actual Wavelengths,Predicted Wavelengths
575.5486722407551,647.5839932935014
563.2357159535104,579.4847410271341
552.1882003404754,520.5167560034487
480.8285145314334,473.5597351716912
558.2422870681537,651.5219920129199
517.8796160593799,603.1751175761286
496.91003110273726,558.2590787683963
438.34312406435185,480.98546687006615
520.7716623631878,622.3336570054632
491.4657762841836,573.4925467162719
459.1061029507962,533.8977944392574
432.327197044576,473.2790498820105
558.5021808890314,607.5780240797303
534.152745696776,561.5546453060592
474.11215856882217,514.1685153496724
465.01940426241794,462.89046747125104
753.1005291822447,646.6026001004931
717.7043943276791,588.6638648087688
595.5882682549858,553.0244365433571
471.386956858488,488.12550708899994
579.4580149243694,605.358740449631
570.3064167873396,562.5491507671193
509.617360517563,516.8405373804194
474.26983647895366,464.8113769630937
807.2637375769092,653.0950259340108
660.4987789000014,608.6355385938198
614.3881041443576,572.940134679415
458.0317942493817,490.6578473826432
527.6626860286387,605.7201675931432
522.1136152796408,554.5610556483583
461.8948823953812,527.7788930467513
457.9227390710761,476.0820778481868
562.1902011710922,655.4624203224029
538.0679709738802,591.2493055833093
525.095211952674,518.5173817583159
471.46041520475393,471.4071665850478
846.2989795017129,598.1339606487338
519.3340435775315,558.1775384997874
476.0801284568726,506.84924912781565
472.4757093430973,458.41728491355303
579.5766879867067,658.8319761637433
514.568213188165,596.225849492049
503.4052784630531,545.3679176306451
479.76497042240504,483.7481605849286
633.7378824024624,638.4785739116331
539.8244226081974,589.5044556884117
535.1941030202516,549.8232657566339
459.2618719271435,479.3453775915305
510.1714411665308,606.963648038544
504.062559665145,550.2692309256247
489.361788908185,527.5047768577223
450.1084735005105,479.3809455684348
618.195107495944,654.6620317112354
588.2131356102992,596.7099737855272
514.4387101205367,536.5233929640955
456.5515428264905,467.5324162971992
810.2016234377421,659.7856518073767
743.825298279839,602.3852015992427
656.114776468272,535.0879282986356
605.537227430502,464.60349460070915
734.7944791925964,648.6545748120041
547.5685472748764,585.2378219882784
541.7917029056425,538.5886594716021
410.2175269194429,481.5332193838464
573.7943117669732,603.4367290101109
565.8129079900003,563.975618498518
517.0931507506743,515.2432144435792
458.7169576715217,462.86638525071294
664.6014143673349,665.4253872968872
619.3985689213596,595.8310980210968
518.9311182718285,542.1576294468177
476.479471533738,483.09870557580376
622.3418691115698,640.9957691090054
561.8216819589815,587.6423199824552
472.2113819267588,532.973649936981
468.41237311769976,467.64568784261644
680.3067441056282,658.3294123209561
636.8202661301145,600.2325683428674
494.8083296652253,533.6307576045135
447.2748230458219,464.2710645354862
539.2630035181747,643.7414967223149
538.9591736445121,583.4793004707473
494.0468783190701,539.1330167820095
453.0898359519887,481.4677219382324
596.2905675905635,642.609344185307
551.6301017650296,594.926443974207
532.3922616410109,563.4521766490549
469.7482625469141,487.3002798303132
633.0855537735334,657.9961031366624
626.1386646949923,601.7469319903983
541.5995896549817,541.9358568704379
444.47380938997776,469.7828033089933
528.8204891980407,606.7793494448925
510.3625384901165,560.3122958403643
494.3328986406138,517.033820117386
463.91949640449496,465.634879006541
567.4867090590797,648.8656609247686
565.9883438292702,595.4479514886833
558.1085340311523,554.9075388298736
448.4493169352268,480.7088599841758
698.7827201066591,646.4803467393701
686.5595905806545,601.3074572903805
614.797560251236,567.1896447790604
450.8886448973554,489.21919687523035
702.530986930159,652.3391074262153
563.8065338640872,586.2703577981899
530.0139019122432,538.7373785584965
444.08127459114854,481.91793469048906
700.627275495785,625.1645723114394
595.4174258764446,576.1176381179498
533.6610553738483,546.1949583470488
467.97946618439687,482.96495514478255
602.6943258880774,639.6495720281798
572.8205117183716,584.5642829371924
555.0587327575885,542.0230050449916
454.3658736081916,474.8986909440552
704.6186162201132,693.7753448943299
651.4513226105233,637.3921090581056
636.8467915059942,568.6078274646725
543.4121991432592,477.70127916967533
645.2571534489554,662.9542860700318
598.0329385295252,600.4473704690566
561.5930909347676,559.8189987349607
486.5123406637388,491.0473841741759
568.7176027949133,604.0005495942896
549.059168386686,563.6833593448537
509.63069908218574,515.6303975900508
462.3016362354688,463.3312536901213
897.7859053342904,652.5131480083517
703.6850127063283,584.0281593710785
628.7890620664117,532.6994671899287
617.50121530202,479.3185745695418
551.7446645653912,664.3202218264356
520.0542634927892,590.3585532600515
464.21164970724425,520.4732209957108
448.8864072957066,473.2041210249634
572.3824839989642,642.3097712581032
567.2599832537726,590.8777632458131
544.9593648872828,553.5460770888923
447.5078756284887,481.156896962386
599.9067437901979,659.4894204818874
579.622843559374,602.1195758690241
530.752631532557,541.6188024731862
446.8294265717018,469.4760668863241
521.0028349635531,657.8316761800353
492.8694151072838,593.4175169170059
485.92581181990687,520.9909937818048
477.4816921343061,472.4380145016552
883.9137013393809,657.8845446147924
670.2198203880475,587.9519374688284
628.251506204233,535.3204330031285
607.0226160146337,480.4469797577876
544.0097046304677,622.2814593309348
525.0187914938344,573.4622621882651
521.1114652109535,541.9085221550573
446.1343339094556,479.28387507873396
642.2036243588196,662.5943081350408
602.296448424304,603.3395385235514
483.4807214393936,534.9904384161226
440.3836981097085,464.3383360628276
831.5215709029452,639.6247085710787
702.8279199121653,594.5289398916196
627.3304389588875,556.4126104851956
620.4448021319861,483.8982436566205
598.641817832653,648.9731900730741
581.2496063907054,602.6966611298712
552.9567277269363,575.7440587838644
465.736931290636,494.4323282289073
613.3467403349949,633.2434668904098
574.3866705839907,580.084765234955
568.2488278768235,542.9048816555851
453.97680327833547,476.87983824522905
586.826733870532,633.266375508282
558.5088216848934,583.3216680935155
534.5227198449309,543.0648941615812
461.4655668837807,476.4204674763436
617.8885202787397,609.0817902753452
582.2590726071375,556.6143874738083
525.2228710201773,514.044751778592
474.0915867474108,469.679692771527
487.3007546155335,652.2114702557691
452.6130496607777,586.2583786083035
450.5819555706401,531.3983752586571
420.47223918502647,478.14261199700303
747.8713425682434,655.664193642638
603.1552420896735,589.8526385686023
595.564757016147,544.4113341445067
485.2427962802294,484.60286050577673
808.9820195810361,650.4895341804303
737.6270040010118,605.0849004742848
718.5840110078352,568.6510559704159
587.0235374380363,488.8170660131181
492.34848299947487,625.6338805093673
490.1861035177276,577.0442315727695
461.0671408438447,544.3945465122689
433.9821062432427,479.8168141542238
580.214669021434,628.7563943372663
574.4152741961453,580.6724918975108
563.985055817266,537.2901598914402
457.8968754331682,478.25254797055425
602.8558096941915,647.082738260402
537.8163313736185,592.9481344098241
529.7152287926846,533.2472207206316
497.8348305978821,466.1439659761941
816.8647005799231,653.0192604106958
642.6166556645695,591.6623071767164
581.5734571327612,542.5047554361548
577.9376358918604,482.64363772537104
474.5193247730624,605.2082885414716
456.7290686956979,551.5266114023914
450.0867751540775,517.9145487112645
437.6664699192188,472.20872917557483
880.4209657324252,650.6031330505268
723.639895856916,591.9201559474897
722.9494731819235,552.2290070254975
632.392256729312,487.3456970694304
